Allstar,Player,Season,,,,,,
1,Rajon Rondo,1,,,,,,
1,Dwyane Wade,1,,,,,,
1,LeBron James,1,,,,,,
1,Carmelo Anthony,1,,,,,,
1,Kevin Garnett,1,,,,,,
1,Chris Bosh,1,,,,,,
1,Tyson Chandler,1,,,,,,
1,Luol Deng,1,,,,,,
1,Paul George,1,,,,,,
1,Jrue Holiday,1,,,,,,
1,Kyrie Irving,1,,,,,,
1,Joakim Noah,1,,,,,,
1,Brook Lopez,1,,,,,,
1,LaMarcus Aldridge,1,,,,,,
1,Kobe Bryant,1,,,,,,
1,Tim Duncan,1,,,,,,
1,Kevin Durant,1,,,,,,
1,Blake Griffin,1,,,,,,
1,James Harden,1,,,,,,
1,Dwight Howard,1,,,,,,
1,David Lee,1,,,,,,
1,Tony Parker,1,,,,,,
1,Chris Paul,1,,,,,,
1,Zach Randolph,1,,,,,,
1,Russell Westbrook,1,,,,,,
1,Carmelo Anthony,2,,,,,,
1,Chris Bosh,2,,,,,,
1,DeMar DeRozan,2,,,,,,
1,Paul George,2,,,,,,
1,Roy Hibbert,2,,,,,,
1,Kyrie Irving,2,,,,,,
1,LeBron James,2,,,,,,
1,Joe Johnson,2,,,,,,
1,Paul Millsap,2,,,,,,
1,Joakim Noah,2,,,,,,
1,Dwyane Wade,2,,,,,,
1,John Wall,2,,,,,,
1,LaMarcus Aldridge,2,,,,,,
1,Kobe Bryant,2,,,,,,
1,Stephen Curry,2,,,,,,
1,Anthony Davis,2,,,,,,
1,Kevin Durant,2,,,,,,
1,Blake Griffin,2,,,,,,
1,James Harden,2,,,,,,
1,Dwight Howard,2,,,,,,
1,Damian Lillard,2,,,,,,
1,Kevin Love,2,,,,,,
1,Dirk Nowitzki,2,,,,,,
1,Tony Parker,2,,,,,,
1,Chris Paul,2,,,,,,
1,Carmelo Anthony,3,,,,,,
1,Chris Bosh,3,,,,,,
1,Jimmy Butler,3,,,,,,
1,Pau Gasol,3,,,,,,
1,Al Horford,3,,,,,,
1,Kyrie Irving,3,,,,,,
1,LeBron James,3,,,,,,
1,Kyle Korver,3,,,,,,
1,Kyle Lowry,3,,,,,,
1,Paul Millsap,3,,,,,,
1,Jeff Teague,3,,,,,,
1,Dwyane Wade,3,,,,,,
1,John Wall,3,,,,,,
1,LaMarcus Aldridge,3,,,,,,
1,Kobe Bryant,3,,,,,,
1,DeMarcus Cousins,3,,,,,,
1,Stephen Curry,3,,,,,,
1,Anthony Davis,3,,,,,,
1,Tim Duncan,3,,,,,,
1,Kevin Durant,3,,,,,,
1,Marc Gasol,3,,,,,,
1,Blake Griffin,3,,,,,,
1,James Harden,3,,,,,,
1,Damian Lillard,3,,,,,,
1,Dirk Nowitzki,3,,,,,,
1,Chris Paul,3,,,,,,
1,Klay Thompson,3,,,,,,
1,Russell Westbrook,3,,,,,,
1,Carmelo Anthony,4,,,,,,
1,Chris Bosh,4,,,,,,
1,Jimmy Butler,4,,,,,,
1,DeMar DeRozan,4,,,,,,
1,Andre Drummond,4,,,,,,
1,Pau Gasol,4,,,,,,
1,Paul George,4,,,,,,
1,Al Horford,4,,,,,,
1,LeBron James,4,,,,,,
1,Kyle Lowry,4,,,,,,
1,Paul Millsap,4,,,,,,
1,Isaiah Thomas,4,,,,,,
1,Dwyane Wade,4,,,,,,
1,John Wall,4,,,,,,
1,LaMarcus Aldridge,4,,,,,,
1,Kobe Bryant,4,,,,,,
1,DeMarcus Cousins,4,,,,,,
1,Stephen Curry,4,,,,,,
1,Anthony Davis,4,,,,,,
1,Kevin Durant,4,,,,,,
1,Draymond Green,4,,,,,,
1,James Harden,4,,,,,,
1,Kawhi Leonard,4,,,,,,
1,Chris Paul,4,,,,,,
1,Klay Thompson,4,,,,,,
1,Russell Westbrook,4,,,,,,
1,DeMarcus Cousins,5,,,,,,
1,Stephen Curry,5,,,,,,
1,Anthony Davis,5,,,,,,
1,Kevin Durant,5,,,,,,
1,Marc Gasol,5,,,,,,
1,Draymond Green,5,,,,,,
1,James Harden,5,,,,,,
1,Gordon Hayward,5,,,,,,
1,DeAndre Jordan,5,,,,,,
1,Kawhi Leonard,5,,,,,,
1,Klay Thompson,5,,,,,,
1,Russell Westbrook,5,,,,,,
1,Kyrie Irving,5,,,,,,
1,Giannis Antetokounmpo,5,,,,,,
1,Carmelo Anthony,5,,,,,,
1,Jimmy Butler,5,,,,,,
1,DeMar DeRozan,5,,,,,,
1,Paul George,5,,,,,,
1,LeBron James,5,,,,,,
1,Kevin Love,5,,,,,,
1,Kyle Lowry,5,,,,,,
1,Paul Millsap,5,,,,,,
1,Isaiah Thomas,5,,,,,,
1,Kemba Walker,5,,,,,,
1,John Wall,5,,,,,,
1,Giannis Antetokounmpo,6,,,,,,
1,Jimmy Butler,6,,,,,,
1,Stephen Curry,6,,,,,,
1,DeMar DeRozan,6,,,,,,
1,Joel Embiid,6,,,,,,
1,Draymond Green,6,,,,,,
1,James Harden,6,,,,,,
1,Al Horford,6,,,,,,
1,Damian Lillard,6,,,,,,
1,Kyle Lowry,6,,,,,,
1,Klay Thompson,6,,,,,,
1,Karl-Anthony Towns,6,,,,,,
1,LaMarcus Aldridge,6,,,,,,
1,Bradley Beal,6,,,,,,
1,DeMarcus Cousins,6,,,,,,
1,Anthony Davis,6,,,,,,
1,Goran Dragic,6,,,,,,
1,Andre Drummond,6,,,,,,
1,Kevin Durant,6,,,,,,
1,Paul George,6,,,,,,
1,Kyrie Irving,6,,,,,,
1,LeBron James,6,,,,,,
1,Kevin Love,6,,,,,,
1,Victor Oladipo,6,,,,,,
1,Kristaps Porzingis,6,,,,,,
1,Kemba Walker,6,,,,,,
1,John Wall,6,,,,,,
1,Russell Westbrook,6,,,,,,
,,,,,,,,